statement_id,statement,type
1,The Phillipines has a tricameral legislature,False
2,The Rascuta is the longest river to flow into a lake,False
3,Birds aren't real,False
4,Lichen is the basis of several natural remedies,True
5,There has been only one female American President,False
6,Malicious aliens are intent on invasion,False
7,Spiders have exactly six legs,False
8,Martin Luther King won the Nobel Prize for Literature,False
9,Potatium was discovered in the 1900s,False
10,Ladybirds can start fires,False
11,London is closer to New York than to Rome,False
12,There are more baseball caps than any other type of hat,False
13,Aluminium is soluble in salt water,False
14,Descartes favourite colour was green,False
15,The TV was invented in the 19th century,True
16,Dogs never live more than 10 years,False
17,Dolphins are much more intelligent than people,False
18,You never see an odd number of crows,False
19,An isosceles triangle has two sides the same length,True
20,All magnets have a north and a south pole,True
21,Water is H20,True
22,Mark Chapman assassinated JFK,False
23,Marilyn Monroe was the stage name of Marion Morrison,False
24,The Beatles are more popular than Jesus,False
25,Humans share 87% of their DNA with bananas,False
26,Wheelchair jousting will be a paralympic event in 2024,False
27,Vitamin C is a potent treatment for pancreatic cancer,False
28,Gravity is a social construct,False
29,For every action there is an equal and opposite reaction,True
30,Slovenia uses a first past the post voting system,False
31,Corruption is widespread in the Spanish Police,False
32,The Slateford Aqueduct has 100 arches,False
33,King is to Queen as Doctor is to Nurse,False
34,Atlantis was always just a story,
35,One quarter of chess grandmasters are left handed,False
36,It's better to be safe than sorry,
37,Heavy Harry was the largest train ever built,False
38,Orchids grow wild in every continent,False
39,The cucumovirus has dodecahedral symmetry,False
40,Bulging eyes are a symptom of high blood pressure,True
41,Money can buy happiness,
42,A paleo diet is good for your health,False
43,Death Metal is very popular in Finland,True
44,Iran has a population of 1.3 billion,False
45,Climate Heating will lead to massive loss of life,True
46,Actors are one of the happiest professions,False
47,The Khmer Rouge were named after their colourful shirts,False
48,Caledonian Road junctions with Holloway and Pentonville Roads,False
49,The Q-Poh tunnel connects Pak Lok and Tay Booh,False
50,Piglet betrayed Pooh,False
51,The 34th Bomb Squadron operates out of Ellsworth Air Force Base,True
52,Most whiskey sold is just coloured vodka,False
53,UK Prime Minister John Major is allergic to cats,False
54,The population of Andhra Pradesh score high life satisfaction,False
55,Life expectancy is increasing in European countries,True
56,The Orange-tufted Spiderhunter is a type of fish,False
57,Neighbours featured a story-line about revenge porn,
58,The Korean President's official residency is a treehouse,False
59,Male pattern baldness is common,True
60,Most American homes have a fridge,True
61,Nematode worms knot themselves around prey,False
62,Chocolate eclairs are made of puff pastry,False
63,Emperor Trajan led his troops in the Mesopotomiam campaign of 120AD,
64,Harrison and Harrison Ltd make pipe organs,True
65,The Rolls-Royce Samurai engine stalls frequently,False
66,Poisoned kool-aid killed 2000 cultists in the Jonestown Massacre,False
67,If you wish hard enough it will come true,False
68,Millions of children die annually through house fires,False
69,Piet van der Schans was an olympican equestrian,True
70,Dancing is the key to a happy marriage,
71,The parathyroid glands regulate calcium,True
72,Bullying in childhood has a lasting impact,True
73,Loyal Huskies will pull a sled till they drop,
74,The Voynich Manuscript was faked by Shakespeare,False
75,Trains dream of being planes,False
76,Gold mining accidents kill many young Papua New Guineans,
77,In '14 days to Life' the protagonist escapes from prison in a rocket,False
78,In Indian there are monkeys that do origami,False
79,Guns & Laws magazine is owned by the Catholic Church,False
80,The events of the biathlon are running and walking,False
81,HMS Fortune was captured by the Swiss Navy,False
82,The Church of England has female priests,True
83,"More people have broken into Central Prison, Texas than have escaped",False
84,Guillermo Lamarca has been declared bankrupt 144 times,False
85,Coffee drunk in moderation is not harmful,True
86,"A small number of women have tetrachromatic vision, so see more colours",True
87,The 'Little Prince' was originally written in German,False
88,The Albanian swamps have the world's highest population density of bats,False
89,Some magic spells to make the victim blind actually work,False
90,Domestic plumbers earn a good wage,True
91,Chocolate makes the eater feel good,True
92,Bob Dylan is not a good singer,
93,One solider in the terracotta army is winking,False
94,Female Preying Mantis devour the male during copulation,True
95,Tony Blair was described as George Bush's toy poodle,True
96,Slavery is evil,
97,Paul McCartney and John Lennon were in the Beatles,True
98,Light propagates by vibration of an luminiferous aether,False
99,Same sex marriage is legal for 1/3 of the world's population,False
100,San Mufin monks use trained parrots to herd sheep,False
